participant_id,leg_id,trip_id,treatment,phase,started_at,finished_at,length,duration,type,mode,in_switzerland,start_longitude,start_latitude,mid_longitude,mid_latitude,end_longitude,end_latitude
"LSSALBE",37276965,37262305,"Control",8,"2021-04-23 09:56:19","2021-04-23 14:40:44",379406,"17064.940001","Track","Mode::Car",True,"46.72412322013455","9.429752474425676","47.32391399965103","7.998174266450343","46.461874138621305","6.347738530649973"
"KTOCC",38113395,38116424,"Pricing",8,"2021-05-05 12:54:58","2021-05-05 16:23:08",330053,"12490.206186","Track","Mode::Car",True,"47.64489565249373","9.186119345067961","47.1425793301163","7.588916942687194","46.310811217322886","6.18199845136061"
"LYUJFBC",41348099,41348120,"Nudging",8,"2021-08-14 07:18:49","2021-08-14 10:46:20",285889,"12451.431","Track","Mode::Train",True,"47.49892659180067","8.723366327765893","47.135341209359794","7.260680624548678","46.21050417887743","6.1428470482340565"
"HGIHW",41369491,41369494,"Pricing",8,"2021-08-20 08:13:57","2021-08-20 12:09:43",281926,"14146.91758","Track","Mode::Car",True,"47.52745556091583","7.64311407495228","47.12400727559162","9.125615883542078","46.63402917722932","10.457322568220688"
"XRIFS",41975618,41975620,"Pricing",8,"2021-09-17 13:51:15","2021-09-17 17:34:12",276944,"13377.679827","Track","Mode::Car",True,"47.39211253475749","8.617467400657821","46.95906118365421","7.27572005942704","46.17906843865799","6.147481133047528"
"FDSSB",42396560,42402428,"Pricing",8,"2021-10-14 15:28:53","2021-10-14 19:16:41",294891,"13668.254","Track","Mode::Train",True,"47.423370818372284","9.369737716694287","47.272597403942775","7.779581570036539","46.540314163212884","6.704680638374528"
"LHEUVUP",42422911,42423229,"Nudging",8,"2021-10-16 23:01:10","2021-10-17 02:22:18",330302,"12067.906864","Track","Mode::Car",True,"46.194209834241434","6.13416645456835","46.95107816956666","7.407105733916821","47.23225090739437","8.835819639180581"
"FDSSB",43148466,43148456,"Pricing",8,"2021-11-04 15:28:47","2021-11-04 18:46:27",271150,"11860.203658","Track","Mode::Train",True,"47.42339294933784","9.368412849261967","47.28963479510539","7.7968756601589195","46.51641265955995","6.629423881730888"
"JIWEX",44009101,44009103,"Pricing",8,"2021-11-27 14:58:56","2021-11-27 18:51:28",326279,"13952","Track","Mode::Train",True,"47.422493810826225","9.36838025133435","47.21725192900422","7.575924093866666","46.21050417887743","6.1428470482340565"
"FDSSB",44169763,44169756,"Pricing",8,"2021-12-10 15:23:45","2021-12-10 18:51:23",287334,"12458","Track","Mode::Train",True,"47.42339294933784","9.368412849261967","47.30759865243155","7.804930466860875","46.5164219473872","6.630726875018522"
"PUHNU",12001077,12001081,"Pricing",1,"2019-09-15 16:27:27","2019-09-15 20:12:13",293691,"13486.472999","Track","Mode::Train",True,"46.21050417887743","6.1428470482340565","46.897079963636095","7.354646668869082","47.340488745840844","8.73410659105652"
"LAJQV",12839143,12839151,"Pricing",1,"2019-09-29 19:16:31","2019-09-29 22:45:29",283512,"12537.525001","Track","Mode::Train",True,"46.51641265955995","6.629423881730888","47.20431032343794","7.75406990673574","47.41179340627376","9.251360942605306"
"LLHHI",13625118,13625121,"Control",1,"2019-10-13 09:32:19","2019-10-13 12:41:21",309386,"11341.348001","Track","Mode::Car",True,"46.54437359037132","6.520788426203167","47.3101314834765","7.853879321996515","47.42584607489976","9.383084868670558"
"YFXSP",13951438,13951447,"Pricing",2,"2019-10-17 10:01:52","2019-10-17 14:04:41",368194,"14568.665999","Track","Mode::Car",True,"46.151066524229314","5.9902131301665245","47.19481849225282","7.519123875274131","47.431017173051906","9.3965324913992"
"WMTVX",14463323,14576926,"Pricing",1,"2019-10-27 18:25:35","2019-10-27 21:47:28",339251,"12113.218999","Track","Mode::Car",True,"46.857155670132244","9.53830531137944","47.32290345387952","8.020651419534426","46.584013861799505","6.647982102934847"
"FQJYN",14699798,14699803,"Nudging",1,"2019-10-31 08:46:27","2019-10-31 11:37:17",274933,"10250.936","Track","Mode::Car",True,"47.40988184454834","8.548956757441323","46.962614227373734","7.246803464960112","46.22126145684092","6.063523398038725"
"LAJQV",15998423,16018477,"Pricing",3,"2019-11-22 14:23:43","2019-11-22 17:41:35",296509,"11871.755001","Track","Mode::Train",True,"47.422493810826225","9.36838025133435","47.223198965502796","7.754181120878339","46.516403356783734","6.628120888889406"
"QLUTB",16469023,16469031,"Pricing",1,"2019-11-28 11:29:00","2019-11-28 16:01:26",295002,"16346.504","Track","Mode::Car",True,"46.525426342007975","6.631895631953139","47.30488346407287","7.810201229932508","47.408188290889555","9.308224203105656"
"FDSSB",16725949,16756149,"Pricing",3,"2019-12-05 16:22:49","2019-12-05 19:31:18",256056,"11308.676001","Track","Mode::Train",True,"47.423370818372284","9.369737716694287","47.277335220380415","7.956714709139539","46.49302673731781","6.76784495265892"
"LAJQV",16776243,16794993,"Pricing",3,"2019-12-06 14:20:48","2019-12-06 17:42:51",273607,"12122.483","Track","Mode::Train",True,"47.422493810826225","9.36838025133435","47.33221787646138","7.953278083156425","46.516403356783734","6.628120888889406"
"FDSSB",17243107,17249822,"Pricing",3,"2019-12-16 08:20:20","2019-12-16 11:34:56",279771,"11676.567001","Track","Mode::Train",True,"46.51732145957994","6.630713431687897","47.25144446057628","7.911548911973097","47.423370818372284","9.369737716694287"
"FDSSB",17481874,17514949,"Pricing",3,"2019-12-18 16:11:49","2019-12-18 19:43:11",273826,"12681.333","Track","Mode::Train",True,"47.422493810826225","9.36838025133435","47.25139511663876","7.923437710533158","46.51730286867019","6.628107402253995"
"ZUIJB",17813183,17813187,"Nudging",3,"2019-12-27 16:09:53","2019-12-27 20:02:00",302322,"13926.778999","Track","Mode::Car",True,"47.414568366901094","8.620614852940967","46.95706043465133","7.169311330504318","46.20783559209253","6.145502336112266"
"LAJQV",18949228,19045980,"Pricing",3,"2020-01-25 15:10:56","2020-01-25 18:41:48",304429,"12652.053999","Track","Mode::Train",True,"46.51731217159965","6.6294104167478585","47.29572143938281","7.8590558663342724","47.43470335071038","9.39136426286667"
"LAJQV",19073116,19073121,"Pricing",3,"2020-01-29 14:25:11","2020-01-29 17:39:50",306362,"11678.422999","Track","Mode::Train",True,"47.42247168023084","9.36970509639798","47.2930279413855","7.857712633258677","46.516403356783734","6.628120888889406"
"FDSSB",20371298,20371307,"Pricing",3,"2020-02-27 15:22:48","2020-02-27 18:45:50",284708,"12181.761","Track","Mode::Train",True,"47.422493810826225","9.36838025133435","47.30736019575502","7.873693900694385","46.51641265955995","6.629423881730888"
"MDQGP",20570411,20580381,"Nudging",4,"2020-03-04 15:48:36","2020-03-04 19:09:50",252940,"12074.183386","Track","Mode::Car",True,"46.79928185622075","10.297489881707277","47.183480577344895","8.922955126036847","47.49426960746164","7.581942996789443"
"LAJQV",22128536,22128541,"Pricing",4,"2020-04-20 08:14:54","2020-04-20 11:52:36",284768,"13061.709001","Track","Mode::Train",True,"46.516403356783734","6.628120888889406","47.32464517004137","7.818275608856996","47.423370818372284","9.369737716694287"
"LEYXR",22424219,22424225,"Nudging",4,"2020-04-30 07:23:26","2020-04-30 12:54:51",461464,"19885.170577","Track","Mode::Car",True,"46.284365074393556","6.23192148882065","47.31096784419961","7.871078276204854","45.85237355054634","8.956436348757553"
"LAJQV",22730832,22730840,"Pricing",4,"2020-05-10 13:57:29","2020-05-10 17:44:15",291637,"13606.073999","Track","Mode::Train",True,"47.42339294933784","9.368412849261967","47.34154334072615","7.872649097085003","46.516403356783734","6.628120888889406"
"KTOCC",22970247,22970249,"Pricing",5,"2020-05-16 17:55:39","2020-05-16 20:53:00",306779,"10641.527027","Track","Mode::Car",True,"47.55634912413363","8.888196857279375","47.00773793931519","7.4964914091685335","46.310811217322886","6.18199845136061"
"QNTIW",23679578,23680937,"Control",5,"2020-06-05 16:40:00","2020-06-05 19:59:45",233250,"11984.802905","Track","Mode::Car",True,"47.45202174012443","8.563097066644172","46.83947973489714","7.320654511901489","46.226830776828955","6.07764213785661"
"FDSSB",25900413,25904987,"Pricing",6,"2020-07-16 15:23:00","2020-07-16 18:40:11",272746,"11831.531","Track","Mode::Train",True,"47.423370818372284","9.369737716694287","47.25140618803803","7.920795757204193","46.51641265955995","6.629423881730888"
"KWZQK",27356859,27356862,"Pricing",6,"2020-08-11 15:08:12","2020-08-11 18:31:04",274312,"12172.304459","Track","Mode::Car",True,"47.52278265384617","8.838146313405604","47.038306901191184","7.52020736837386","46.39878895281493","6.247579172563002"
"YPYYX",30286183,30286191,"Nudging",6,"2020-09-20 09:34:14","2020-09-20 13:36:04",262766,"14510.614137","Track","Mode::Car",True,"47.585900227573475","7.651314349050516","47.182787830838244","8.97571790208675","46.79915063177856","10.302726033127168"
"GOFIM",30338146,30338485,"Nudging",6,"2020-09-24 07:34:28","2020-09-24 08:18:16",231881,"2627.335","Track","Mode::Airplane",True,"47.4538589587288","8.559157387646444","46.84038718310605","7.328517969277657","46.22617946020594","6.09839934538146"
"FDSSB",30294377,30294374,"Pricing",6,"2020-09-24 15:52:58","2020-09-24 19:51:26",269528,"14308.999","Track","Mode::Car",True,"47.425191225549064","9.368478048433754","47.30891391097659","7.934539234068484","46.54661079859202","6.704595092456844"
"ZFFCM",30374583,30375995,"Nudging",6,"2020-10-01 09:41:30","2020-10-01 13:14:16",263195,"12765.000001","Track","Mode::Car",True,"47.56262078678951","7.583455103594122","47.18426040369758","8.932213824796642","46.664607709693826","10.210600803358508"
"HGIHW",30791167,30785864,"Pricing",7,"2020-10-28 13:14:06","2020-10-28 16:57:24",282011,"13397.816999","Track","Mode::Car",True,"46.63402917722932","10.457322568220688","47.12775863457044","9.115188084159454","47.528354938823945","7.643117522116687"
"FDSSB",30805716,30766117,"Pricing",7,"2020-10-28 16:02:53","2020-10-28 19:33:46",292608,"12653.256","Track","Mode::Car",True,"47.42433630467839","9.365795665375606","47.31268555551894","7.892252832643357","46.54661079859202","6.704595092456844"
"KTOCC",32290310,32292876,"Pricing",8,"2020-12-17 13:36:51","2020-12-17 16:45:47",304182,"11335.656999","Track","Mode::Car",True,"47.55633250021448","8.889525219867583","47.02032829701807","7.501766007541015","46.310811217322886","6.18199845136061"
"EMCVN",32342571,32343524,"Control",8,"2020-12-20 16:48:39","2020-12-20 20:18:01",261927,"12562.143215","Track","Mode::Car",True,"47.48950050903186","8.76162455954034","46.9825471455042","7.37422712063733","46.18362480829508","6.15255411525064"
"LRPVTNK",32810981,32810984,"Pricing",8,"2021-01-01 09:41:47","2021-01-01 15:08:26",410171,"19599.550858","Track","Mode::Car",True,"46.208645675345096","6.137707831909856","47.25124567232202","7.95778300147415","46.62200935681926","9.181771316346438"
"KTOCC",32566105,32566113,"Pricing",8,"2021-01-05 14:47:10","2021-01-05 17:54:38",301511,"11247.961","Track","Mode::Car",True,"47.55738078619139","8.877594293334472","47.005938263458354","7.497804455564367","46.310811217322886","6.18199845136061"
"FDSSB",35139616,35139600,"Pricing",8,"2021-02-22 08:15:10","2021-02-22 11:12:29",277187,"10639.81803","Track","Mode::Car",True,"46.54661079859202","6.704595092456844","47.321359115027754","7.967723858916452","47.42692305776254","9.372518119451726"
"YLHYB",35646322,35646311,"Control",8,"2021-03-05 06:11:01","2021-03-05 11:27:59",463101,"19018.038595","Track","Mode::Train",True,"46.20958985640761","6.141572936964601","47.369758160376996","8.0039509384829","45.86916331799564","8.978795959516908"
"EMCVN",36440844,36441245,"Control",8,"2021-04-05 19:28:43","2021-04-05 22:57:10",247739,"12507.162","Track","Mode::Car",True,"47.48950050903186","8.76162455954034","46.8359407019704","7.464850471047325","46.183639567606434","6.153849041973548"
"LGEJPED",37186748,37172088,"Control",8,"2021-04-18 09:27:51","2021-04-18 12:31:04",304318,"10992.99","Track","Mode::Car",True,"46.517084775342894","6.5981381936889045","47.31205747997236","7.816863690828239","47.44903017438158","9.341490410354465"
"LUYCPCS",38636210,38636204,"Control",8,"2021-05-10 23:14:12","2021-05-11 02:23:09",302297,"11337.307527","Track","Mode::Car",True,"47.468821904848056","9.045010033709355","47.20372934236629","7.599646448325148","46.44699585854053","6.29858031348113"
"HGIHW",39001078,39004724,"Pricing",8,"2021-05-21 08:17:49","2021-05-21 12:08:17",275420,"13827.832091","Track","Mode::Car",True,"47.52745556091583","7.64311407495228","47.123069287477","9.12822260497328","46.63402917722932","10.457322568220688"
"LUQDRTC",40802852,40804646,"Nudging",8,"2021-07-12 17:21:14","2021-07-12 20:19:17",296858,"10683.977","Track","Mode::Car",True,"46.2189069107268","6.092097936992735","46.95106902096756","7.383460725123121","47.34053322673528","8.730137501520137"
"KTOCC",41588794,41588790,"Pricing",8,"2021-09-04 19:29:31","2021-09-04 22:34:28",302869,"11096.333396","Track","Mode::Car",True,"47.551968966317354","8.878776361900806","47.0185306826335","7.499133393228629","46.310811217322886","6.18199845136061"
"LVLXK",41895474,41895469,"Pricing",8,"2021-09-19 11:15:58","2021-09-19 14:54:56",283917,"13137.703","Track","Mode::Car",True,"46.21596020216565","6.147901224485247","46.95641508122305","7.317767966651151","47.42431081230306","8.635411020131652"
"FDSSB",44020877,44020866,"Pricing",8,"2021-11-25 15:25:27","2021-11-25 18:57:47",273234,"12740","Track","Mode::Train",True,"47.42339294933784","9.368412849261967","47.275223066149266","7.803387186697887","46.51641265955995","6.629423881730888"
"LHEUVUP",44107793,44100634,"Nudging",8,"2021-12-03 15:20:01","2021-12-03 19:28:54",320100,"14933","Track","Mode::Car",True,"47.22783419671936","8.829101032687435","46.96907288050979","7.446516416258033","46.194194849163445","6.132871281772333"
"TZYDL",48470930,48472198,"Nudging",8,"2022-06-16 10:27:24","2022-06-16 13:34:00",306895,"11196","Track","Mode::Car",True,"46.54043895857614","6.724234398067787","47.34614476958986","8.048696013601903","47.46064569368964","9.601928007578236"
"LQUAVKZ",49048602,49050449,"Pricing",8,"2022-07-11 12:26:41","2022-07-11 17:11:24",318571,"17083","Track","Mode::Train",True,"46.96664042834312","9.554417226198732","47.32528787388189","7.889714136900286","46.47585551372119","6.399544990686902"
"CSESF",49657987,49658024,"Control",8,"2022-08-07 02:46:07","2022-08-07 05:38:28",291288,"10341","Track","Mode::Car",True,"47.391976657323895","8.630710793980523","46.959951108905216","7.269148182689972","46.15687732816787","6.096221548553289"
"PLPQN",49619625,49661266,"Pricing",8,"2022-08-07 14:03:54","2022-08-07 19:11:56",335122,"18482","Track","Mode::Car",True,"46.7435563732195","8.989373958933523","46.28268579324645","7.52427637494349","46.22544839520499","6.112676490772657"
"MZKLZ",50431182,50432874,"Pricing",8,"2022-09-21 10:22:59","2022-09-21 15:11:31",410644,"17312","Track","Mode::Train",True,"46.317164951588566","6.187045152536473","47.36024237683963","7.920455137049276","46.00635683095469","8.94651003689383"
"LUYCPCS",57123164,57123209,"Control",8,"2022-10-16 03:59:58","2022-10-16 06:49:59",299667,"10201","Track","Mode::Car",True,"46.44518382594848","6.297316976738991","47.19203625681679","7.599611428315701","47.468803482354","9.046336157364067"
"LRSPB",11886940,11886947,"Nudging",1,"2019-09-13 14:33:51","2019-09-13 18:12:52",302866,"13141.372999","Track","Mode::Train",True,"47.42467178842499","9.290243739940598","47.16405722549002","7.657556998044767","46.38514575873046","6.233578246923451"
"KRKKX",12368782,12403407,"Nudging",1,"2019-09-21 21:40:52","2019-09-22 01:08:58",306972,"12485.836","Track","Mode::Car",True,"47.53578161627026","8.725585780192834","46.951969174188974","7.38477341817221","46.22108689006162","6.049269674165026"
"LRSPB",12936751,12936793,"Nudging",1,"2019-09-30 16:19:07","2019-09-30 19:38:29",289907,"11962.846001","Track","Mode::Train",True,"46.5164219473872","6.630726875018522","47.30744738055553","7.8498912439322215","47.423370818372284","9.369737716694287"
"XKARO",14816002,14844121,"Pricing",3,"2019-11-02 13:25:55","2019-11-02 16:26:04",308243,"10809.011999","Track","Mode::Car",True,"47.51095180588174","8.693121513007222","46.949237041666656","7.3361742078490355","46.17320515480055","6.1074741699058235"
"PFGJB",15156227,15156238,"Pricing",1,"2019-11-07 19:49:44","2019-11-07 20:32:25",232080,"2560.825","Track","Mode::Airplane",True,"46.236165261853955","6.105932388825544","46.84759429610062","7.340302862529061","47.458226311798924","8.572512107037207"
"UZYVO",15300582,15332571,"Pricing",2,"2019-11-10 19:05:28","2019-11-10 22:51:33",298126,"13565.103999","Track","Mode::Car",True,"47.35057296199524","8.717144316972274","46.94565008379575","7.349315917189985","46.20851064055694","6.126048202335823"
"LAJQV",15827664,15827670,"Pricing",3,"2019-11-19 17:27:35","2019-11-19 20:35:23",290479,"11268.016","Track","Mode::Train",True,"46.51641265955995","6.629423881730888","47.219549127004825","7.7726427787257215","47.423370818372284","9.369737716694287"
"QMKAG",16182225,NULL,"Pricing",2,"2019-11-26 04:12:14","2019-11-26 07:06:49",303224,"10475.033999","Track","Mode::Car",True,"47.60634149783451","8.509178292610809","46.94476190879217","7.36507890767234","46.21763216401093","6.061022953177825"
"FDSSB",17122260,17122265,"Pricing",3,"2019-12-12 15:26:09","2019-12-12 18:43:18",267531,"11829.621001","Track","Mode::Train",True,"47.423370818372284","9.369737716694287","47.286506179947196","7.915824786768379","46.516403356783734","6.628120888889406"
"LAJQV",17515228,17598727,"Pricing",3,"2019-12-20 09:25:57","2019-12-20 12:43:31",291138,"11854.404","Track","Mode::Train",True,"47.422493810826225","9.36838025133435","47.35395748183161","7.917751273755299","46.516403356783734","6.628120888889406"
"LAJQV",18308950,18308955,"Pricing",3,"2020-01-09 18:26:15","2020-01-09 21:40:51",299041,"11676.26","Track","Mode::Train",True,"47.422493810826225","9.36838025133435","47.308234534861114","7.880313169326262","46.51730286867019","6.628107402253995"
"LAJQV",18407787,18407865,"Pricing",3,"2020-01-12 19:16:46","2020-01-12 22:53:12",309910,"12986.145999","Track","Mode::Train",True,"46.51641265955995","6.629423881730888","47.31211246418954","7.799671314583566","47.422493810826225","9.36838025133435"
"FDSSB",19370422,19370427,"Pricing",3,"2020-02-04 08:20:55","2020-02-04 11:41:15",292980,"12020.366764","Track","Mode::Train",True,"46.51732145957994","6.630713431687897","47.360220189312585","7.925749837504313","47.42512478485838","9.372452781629757"
"LAJQV",22573282,22573287,"Pricing",4,"2020-05-05 15:02:50","2020-05-05 18:53:49",294320,"13858.355","Track","Mode::Train",True,"46.51731217159965","6.6294104167478585","47.31207893118158","7.810251242637384","47.423370818372284","9.369737716694287"
"FDSSB",23097733,23097738,"Pricing",5,"2020-05-20 16:03:24","2020-05-20 19:54:40",280575,"13876.451798","Track","Mode::Car",True,"47.42600174379648","9.37381038120807","47.30899737643732","7.914703201866098","46.54661079859202","6.704595092456844"
"YFXSP",23315911,23315915,"Pricing",5,"2020-05-27 09:23:44","2020-05-27 13:43:08",369176,"15564.359","Track","Mode::Car",True,"46.151066524229314","5.9902131301665245","47.19481757219623","7.520443477630678","47.430994719712736","9.397857536781114"
"FDSSB",23536263,23536809,"Pricing",5,"2020-06-02 08:22:06","2020-06-02 11:26:55",279864,"11089.559941","Track","Mode::Car",True,"46.54661079859202","6.704595092456844","47.314199825059454","7.959717421812423","47.42420347109194","9.373745000861186"
"FQPTB",24831320,24838512,"Nudging",5,"2020-06-27 10:39:33","2020-06-27 15:24:01",359146,"17068.100143","Track","Mode::Car",True,"46.8665163063191","9.882440531778876","47.3683983800928","8.091316772448963","46.51947682073763","6.5577013316412"
"FDSSB",27745289,27745310,"Pricing",6,"2020-08-05 15:17:15","2020-08-05 18:52:01",293873,"12885.977999","Track","Mode::Car",True,"47.424924642482395","9.384376921309256","47.30446726588788","7.922596887245959","46.54751031775656","6.704582869990305"
"MFOFS",27747139,27747150,"Nudging",6,"2020-08-14 12:39:24","2020-08-14 16:50:53",321689,"15089.681","Track","Mode::Car",True,"47.137675253311684","9.05089305199166","47.13179062260825","7.584932678816659","46.34841367879919","6.165536970284994"
"FDSSB",28042021,28074768,"Pricing",6,"2020-08-24 08:13:56","2020-08-24 11:26:06",272799,"11530.092999","Track","Mode::Car",True,"46.553823788622786","6.707105114443165","47.32136516625589","7.966401153677742","47.426068231172046","9.369835584220997"
"FDSSB",30003505,30103792,"Pricing",6,"2020-09-07 07:42:14","2020-09-07 10:55:36",273134,"11601.530999","Track","Mode::Car",True,"46.54751031775656","6.704582869990305","47.30979623325928","7.938514848438528","47.42586835888655","9.381759945226221"
"EMCVN",30427158,30431898,"Control",6,"2020-10-11 15:37:43","2020-10-11 19:38:16",279816,"14432.992013","Track","Mode::Car",True,"47.489485336514925","8.762951289478723","46.94926657909088","7.376894769413996","46.18636735754043","6.15637530750535"
"FDSSB",30646665,30646725,"Pricing",7,"2020-10-26 07:55:49","2020-10-26 11:02:45",290966,"11216.06593","Track","Mode::Car",True,"46.54660235827979","6.703291359969673","47.305415949926534","7.910704202401076","47.42600174379648","9.37381038120807"
"EMCVN",32298655,32301376,"Control",8,"2020-12-18 18:08:38","2020-12-18 21:53:30",246274,"13492.062","Track","Mode::Car",True,"46.190908656919994","6.160154611983662","46.85123379348381","7.459612961173492","47.48950050903186","8.76162455954034"
"EMCVN",32384382,32386622,"Control",8,"2020-12-25 09:07:19","2020-12-25 12:21:05",247955,"11626.351","Track","Mode::Car",True,"46.190908656919994","6.160154611983662","46.84943644673193","7.442567605437794","47.489485336514925","8.762951289478723"
"LRPVTNK",32810965,32810967,"Pricing",8,"2021-01-03 09:29:38","2021-01-03 13:54:29",403064,"15891.902001","Track","Mode::Car",True,"46.706069517837655","9.433010414689694","47.311016586855345","7.857853690581156","46.20603671685512","6.14554510596441"
"EMCVN",32741420,32741417,"Control",8,"2021-01-03 10:09:50","2021-01-03 13:34:56",280862,"12306.033595","Track","Mode::Car",True,"46.18636735754043","6.15637530750535","47.018372461750225","7.240026673320176","47.489485336514925","8.762951289478723"
"EMCVN",32741368,32741365,"Control",8,"2021-01-09 18:34:32","2021-01-09 21:53:36",282980,"11943.992594","Track","Mode::Car",True,"47.48950050903186","8.76162455954034","46.95106965732723","7.384774336492681","46.18728151195645","6.157649123788293"
"LJTBXCB",34856684,34856658,"Pricing",8,"2021-02-23 07:15:23","2021-02-23 10:47:02",325244,"12699.129999","Track","Mode::Car",True,"47.546437602143165","8.9596696545634","47.01673234662482","7.497816175401951","46.20960474162366","6.14286847842247"
"FDSSB",35224085,NULL,"Pricing",8,"2021-03-09 08:11:02","2021-03-09 11:15:37",276912,"11075.023","Track","Mode::Car",True,"46.54661079859202","6.704595092456844","47.32225853459386","7.967732769284713","47.42516909384307","9.369802960605728"
"FDSSB",36636014,36638661,"Pricing",8,"2021-03-30 08:14:48","2021-03-30 11:17:00",286603,"10932.245001","Track","Mode::Car",True,"46.559229299782764","6.70833605157181","47.304472799449655","7.921274596050408","47.42604608390466","9.371160517657485"
"FDSSB",37651274,NULL,"Pricing",8,"2021-04-27 07:36:14","2021-04-27 10:39:48",286014,"11014.476001","Track","Mode::Car",True,"46.55471489605766","6.705789003678953","47.30891958153362","7.9332168338688","47.425191225549064","9.368478048433754"
"FDSSB",39834152,39837469,"Pricing",8,"2021-06-10 16:29:10","2021-06-10 19:45:27",290936,"11776.727","Track","Mode::Train",True,"47.424269956243094","9.369770338096846","47.27792555765597","7.80208394063913","46.51730286867019","6.628107402253995"
"FDSSB",41163645,41166472,"Pricing",8,"2021-08-04 15:28:32","2021-08-04 18:24:35",245210,"10563.25","Track","Mode::Train",True,"47.42247168023084","9.36970509639798","47.339261122448505","7.986426214870522","46.78186798905778","6.639835811647267"
"FDSSB",42272062,42275065,"Pricing",8,"2021-09-30 15:30:24","2021-09-30 18:44:19",280070,"11634.275537","Track","Mode::Train",True,"47.423370818372284","9.369737716694287","47.276114130464585","7.806036517834084","46.5164219473872","6.630726875018522"
"LMJKKMI",43149877,43149873,"Control",8,"2021-11-04 09:34:54","2021-11-04 14:48:14",365230,"18799.994838","Track","Mode::Car",True,"46.62711439903778","10.44648251013111","47.18427751841843","8.93089472167585","46.78364675321033","7.607564622291068"
"LCNFRZM",43156926,NULL,"Nudging",8,"2021-11-07 14:41:12","2021-11-07 18:10:08",283197,"12536.474","Track","Mode::Train",True,"46.20958985640761","6.141572936964601","46.9294799233834","7.382170200190261","47.49981112618346","8.724715056833803"
"JIWEX",44009113,44009115,"Pricing",8,"2021-11-26 10:11:48","2021-11-26 13:04:42",246571,"10374","Track","Mode::Train",True,"46.78185880608433","6.638526395140353","47.36270166269356","7.974752705807815","47.422493810826225","9.36838025133435"
"FDSSB",44571334,44572663,"Pricing",8,"2021-12-28 09:00:35","2021-12-28 12:13:28",285329,"11573","Track","Mode::Car",True,"46.54840983687658","6.704570647118407","47.315163967007024","7.945178120407041","47.424225647999606","9.372420114380658"
"LNRYUWD",45114800,45115056,"Control",8,"2022-01-24 10:21:40","2022-01-24 11:11:35",256658,"2995","Track","Mode::Airplane",True,"46.22517195326424","6.089350214772437","46.99780953413743","7.334765811412115","47.45388461398927","8.556505596596075"
"RVNGX",47511240,47513170,"Control",8,"2022-05-25 12:18:05","2022-05-25 16:44:44",391594,"15999","Track","Mode::Train",True,"46.195959316834376","9.029497809809076","47.28945870734675","7.8497528811414465","46.38517340247281","6.236177762205205"
"LJPYNCA",49351581,49352696,"Pricing",8,"2022-07-25 14:02:51","2022-07-25 17:29:54",339727,"12423","Track","Mode::Car",True,"47.455151793184136","9.508846584914709","47.29337383627285","7.747984739589226","46.44103612360225","6.244047171673984"
"LIEWLSC",50327689,50311113,"Pricing",8,"2022-09-13 06:26:00","2022-09-13 09:48:09",278209,"12129","Track","Mode::Train",True,"47.423370818372284","9.369737716694287","47.27705079461085","7.794148094260306","46.51641265955995","6.629423881730888"
"LJTBXCB",57054144,57055089,"Pricing",8,"2022-10-14 07:18:03","2022-10-14 10:48:47",318613,"12644","Track","Mode::Train",True,"47.55804758226838","8.896216384548273","47.1795458354822","7.393774661912618","46.210489293417695","6.141551485374668"
"LPXBBCC",57912817,57940938,"Nudging",8,"2022-12-03 15:17:50","2022-12-03 18:33:54",271622,"11764","Track","Mode::Train",True,"46.516403356783734","6.628120888889406","47.32331035944456","7.933350087665523","47.04505811189284","9.4469369501567"
"XEPPS",12265045,12265052,"Control",1,"2019-09-20 09:15:03","2019-09-20 10:34:18",257410,"4754.401","Track","Mode::Airplane",True,"46.236088568845275","6.099451577210786","46.81700668456655","7.336428260686487","47.169777255341444","8.71546222903774"
"XEPPS",12280947,12280958,"Control",1,"2019-09-20 13:11:21","2019-09-20 14:29:52",320782,"4710.803999","Track","Mode::Airplane",True,"47.169777255341444","8.71546222903774","46.21793495626618","7.38292078672953","46.23267427580785","6.115093153098215"
"FDSSB",14166455,14166464,"Pricing",1,"2019-10-22 08:20:25","2019-10-22 11:35:17",302410,"11692.178","Track","Mode::Train",True,"46.51731217159965","6.6294104167478585","47.32255834505518","7.897627812503379","47.422493810826225","9.36838025133435"
"LRSPB",14417866,14417870,"Nudging",2,"2019-10-26 11:09:13","2019-10-26 14:45:19",301414,"12966.877001","Track","Mode::Train",True,"47.422493810826225","9.36838025133435","47.27904722976545","7.722789713197224","46.51641265955995","6.629423881730888"
"LAJQV",14478006,14478012,"Pricing",2,"2019-10-27 10:56:07","2019-10-27 13:41:03",304736,"9895.629","Track","Mode::Car",True,"47.43564722238903","9.388746929861815","47.309128900286325","7.881643014017846","46.5086156104844","6.672537626455555"
"FDSSB",14589715,14589773,"Pricing",1,"2019-10-29 08:19:22","2019-10-29 11:38:47",280313,"11965.665","Track","Mode::Train",True,"46.51731217159965","6.6294104167478585","47.3333302772309","7.903012603683751","47.423370818372284","9.369737716694287"
"LAJQV",14590850,14611133,"Pricing",2,"2019-10-29 19:26:02","2019-10-29 23:08:11",283258,"13328.900335","Track","Mode::Train",True,"47.423370818372284","9.369737716694287","47.28949127429228","7.8404993930870175","46.51641265955995","6.629423881730888"
"QCACN",14645472,14661470,"Control",1,"2019-10-30 16:29:14","2019-10-30 19:42:35",297113,"11600.110001","Track","Mode::Train",True,"47.423348672216314","9.371062583020347","47.29033919952871","7.855047588551569","46.515522435157195","6.630740317903709"
"RJAYY",14644564,14674677,"Pricing",2,"2019-10-30 16:55:37","2019-10-30 19:42:38",291100,"10021.292","Track","Mode::Train",True,"47.422493810826225","9.36838025133435","47.30374243366913","7.878953726671892","46.5164219473872","6.630726875018522"
"ARMZF",14759372,14794355,"Pricing",1,"2019-11-01 13:24:12","2019-11-01 16:35:35",301877,"11483.369","Track","Mode::Train",True,"46.51731217159965","6.6294104167478585","47.34140903912234","7.907052625658479","47.42339294933784","9.368412849261967"
"NQDWC",16252478,16252482,"Pricing",1,"2019-11-27 07:42:41","2019-11-27 08:53:00",265260,"4219.813999","Track","Mode::Car",True,"47.440394909301226","8.55622231963543","46.88701495972452","7.2247697372493995","46.16684790705638","6.102450091785035"
"LAJQV",16873597,16873600,"Pricing",3,"2019-12-08 14:21:30","2019-12-08 17:35:21",281453,"11631.016999","Track","Mode::Train",True,"46.51732145957994","6.630713431687897","47.263065494156955","7.928828775140204","47.423370818372284","9.369737716694287"
"QHDGU",17416169,17420401,"Nudging",2,"2019-12-17 09:21:04","2019-12-17 12:09:34",281218,"10109.666001","Track","Mode::Car",True,"47.4617452853832","8.580545290447056","46.95906675583029","7.27966147298082","46.15687732816787","6.096221548553289"
"LGMQH",18006678,18006685,"Nudging",3,"2019-12-31 10:14:41","2019-12-31 13:47:25",308176,"12764.362","Track","Mode::Train",True,"47.422493810826225","9.36838025133435","47.29841491969053","7.8603992350811795","46.51641265955995","6.629423881730888"
"RAAQG",18024352,18029774,"Nudging",3,"2020-01-02 18:52:57","2020-01-02 22:01:31",339092,"11314.233001","Track","Mode::Car",True,"47.46093655522841","9.093852121997175","47.025714775690496","7.518872990771269","46.18105353569409","6.086558492281672"
"LAJQV",18133366,18139887,"Pricing",3,"2020-01-05 19:12:38","2020-01-05 23:05:30",317015,"13972.315001","Track","Mode::Train",True,"46.51641265955995","6.629423881730888","47.310354147128756","7.786434684684028","47.43303913401218","9.383347687351769"
"FDSSB",18949349,18949358,"Pricing",3,"2020-01-23 11:26:44","2020-01-23 15:11:32",286630,"13488.183001","Track","Mode::Train",True,"47.423370818372284","9.369737716694287","47.315499269176534","7.861856682655415","46.54661079859202","6.704595092456844"
"FDSSB",20561633,20561639,"Pricing",4,"2020-03-03 08:18:54","2020-03-03 11:36:14",278969,"11839.93","Track","Mode::Train",True,"46.51731217159965","6.6294104167478585","47.32268983786968","7.86323642630587","47.423370818372284","9.369737716694287"
"QNTIW",23489026,23489030,"Control",5,"2020-05-31 04:22:21","2020-05-31 07:27:44",292338,"11122.171","Track","Mode::Car",True,"46.18661996713198","6.100669160448981","46.963478867064566","7.227091563009714","47.4493109106389","8.56436584790267"
"QNTIW",23489028,23492635,"Control",5,"2020-05-31 08:24:49","2020-05-31 11:08:54",287334,"9845.229824","Track","Mode::Car",True,"47.45022311739331","8.56305906646861","46.962614227373734","7.246803464960112","46.16380853376276","6.074038611095266"
"YFXSP",23496027,23530241,"Pricing",5,"2020-05-31 10:49:54","2020-05-31 14:26:24",367086,"12990.192437","Track","Mode::Car",True,"47.430994719712736","9.397857536781114","47.19482116158762","7.5151650679379935","46.151066524229314","5.9902131301665245"
"FDSSB",28251781,28251784,"Pricing",6,"2020-08-26 14:27:09","2020-08-26 18:37:56",294037,"15047.008999","Track","Mode::Car",True,"47.42692305776254","9.372518119451726","47.31455063940148","7.8750750300264585","46.54661079859202","6.704595092456844"
"FDSSB",30103755,30103756,"Pricing",6,"2020-09-10 15:00:14","2020-09-10 18:31:52",276406,"12697.984","Track","Mode::Car",True,"47.42510260757974","9.373777690480297","47.32046574635535","7.9663922659242505","46.54661079859202","6.704595092456844"
"FDSSB",30294386,30294455,"Pricing",6,"2020-09-22 07:40:16","2020-09-22 11:01:50",276269,"12094.404207","Track","Mode::Train",True,"46.54660235827979","6.703291359969673","47.315998668886444","7.959734970327045","47.425191225549064","9.368478048433754"
"FZGJU",30694807,NULL,"Control",7,"2020-10-22 06:31:14","2020-10-22 10:01:34",314282,"12619.866199","Track","Mode::Car",True,"46.315177982871234","6.170211706884858","47.05986573670529","7.55446309442203","47.51375016108372","8.76488359465762"
"FDSSB",30996634,30901690,"Pricing",8,"2020-11-12 15:15:10","2020-11-12 18:25:21",291661,"11411.992999","Track","Mode::Car",True,"47.42431420372401","9.367120557387748","47.30632077499014","7.909389810164182","46.54661079859202","6.704595092456844"
"KTOCC",32246805,32248737,"Pricing",8,"2020-12-13 11:36:50","2020-12-13 14:53:00",305137,"11769.798","Track","Mode::Car",True,"46.310811217322886","6.18199845136061","47.010436461314306","7.496494272713682","47.55634912413363","8.888196857279375"
"KTOCC",32348433,32395115,"Pricing",8,"2020-12-23 09:59:33","2020-12-23 13:04:49",303874,"11115.983","Track","Mode::Car",True,"46.30893999547842","6.175550489155291","47.01673234662482","7.497816175401951","47.55634912413363","8.888196857279375"
"EMCVN",32411540,32436868,"Control",8,"2020-12-27 16:46:16","2020-12-27 20:17:48",249467,"12692.364001","Track","Mode::Car",True,"47.489485336514925","8.762951289478723","46.91419821772116","7.408440738643946","46.18187016461775","6.156481287367811"
"BMAEO",34751430,34751877,"Pricing",8,"2021-02-13 17:23:15","2021-02-13 18:25:42",231987,"3746.768164","Track","Mode::Airplane",True,"47.45384610828689","8.560483282207898","46.83948891776265","7.329830712199986","46.22528003079709","6.098421516309169"
"EMCVN",35120820,35120816,"Control",8,"2021-02-17 15:31:38","2021-02-17 19:30:12",280741,"14314.016","Track","Mode::Car",True,"46.18636735754043","6.15637530750535","47.01213782416554","7.2795032060365275","47.49039977292055","8.76164693348739"
"FDSSB",35139588,NULL,"Pricing",8,"2021-02-23 17:11:35","2021-02-23 20:22:58",289907,"11482.834999","Track","Mode::Car",True,"47.42692305776254","9.372518119451726","47.30903515885958","7.905446365826407","46.54661079859202","6.704595092456844"
"WSSUF",36670482,36672514,"Nudging",8,"2021-04-02 09:01:41","2021-04-02 12:02:51",297683,"10870.136999","Track","Mode::Car",True,"46.16098445988672","6.063751319835691","46.95640035171777","7.304630561087962","47.450599147063855","8.700981640570683"
"WSSUF",36430011,36445726,"Nudging",8,"2021-04-05 11:04:36","2021-04-05 13:48:44",290926,"9847.534408","Track","Mode::Car",True,"47.4599012302388","9.39096274659528","47.31606338988426","7.945186649412142","46.67340181367129","6.569562240596555"
"KTOCC",36445578,36440420,"Pricing",8,"2021-04-05 13:33:26","2021-04-05 18:04:10",359667,"16244.619","Track","Mode::Car",True,"46.3080984397313","6.180763012270529","47.237844691073384","7.640689476191375","47.55633250021448","8.889525219867583"
